epoch,time,train/box_loss,train/cls_loss,train/dfl_loss,metrics/precision(B),metrics/recall(B),metrics/mAP50(B),metrics/mAP50-95(B),val/box_loss,val/cls_loss,val/dfl_loss,lr/pg0,lr/pg1,lr/pg2
1,5.0278,3.37299,5.84592,0.01395,0.01535,0.1164,0.05438,0.0323,3.63027,4.233,0.01264,3.076e-05,3.076e-05,3.076e-05
2,6.1377,3.2609,5.65978,0.01246,0.00943,0.1164,0.04553,0.03148,3.40084,4.22234,0.00954,6.87532e-05,6.87532e-05,6.87532e-05
3,7.35439,3.07175,5.58748,0.0102,0.00472,0.11111,0.05073,0.041,3.39662,4.26778,0.00884,0.000106239,0.000106239,0.000106239
4,8.45299,3.07392,5.41285,0.00924,0.0027,0.11111,0.05504,0.04533,3.3814,4.28337,0.00813,0.000143217,0.000143217,0.000143217
5,9.51518,3.12157,5.26404,0.00856,0.00328,0.1164,0.06526,0.05623,3.27065,4.29831,0.00674,0.000179688,0.000179688,0.000179688
6,10.5615,3.11106,5.1952,0.0083,0.00321,0.1164,0.07279,0.06177,3.256,4.31398,0.00642,0.000215651,0.000215651,0.000215651
7,11.6479,3.10435,5.15392,0.00745,0.00291,0.1164,0.07917,0.06892,3.22818,4.30257,0.00568,0.000251106,0.000251106,0.000251106
8,12.7894,3.01695,4.93275,0.00745,0.00262,0.1164,0.07664,0.06501,3.2308,4.27862,0.0057,0.000286054,0.000286054,0.000286054
9,13.8361,2.98866,4.72806,0.007,0.00257,0.1164,0.08199,0.06592,3.18337,4.22212,0.00619,0.000320495,0.000320495,0.000320495
10,14.8714,2.92993,4.571,0.00676,0.00234,0.1164,0.07275,0.06203,3.07925,4.16588,0.00576,0.000354427,0.000354427,0.000354427
11,15.9286,2.87504,4.33761,0.00659,0.00289,0.1164,0.04817,0.04037,2.96492,4.06652,0.00577,0.000387853,0.000387853,0.000387853
12,16.9703,2.76436,4.21492,0.00645,0.9118,0.05622,0.05024,0.04106,2.91099,4.01421,0.00582,0.000420771,0.000420771,0.000420771
13,17.9969,2.72847,4.07206,0.00588,0.92009,0.05263,0.06674,0.05057,2.78638,3.88795,0.00525,0.000453181,0.000453181,0.000453181
14,19.1276,2.77615,3.84003,0.00581,0.9271,0.07602,0.09456,0.06339,2.74413,3.74319,0.00578,0.000485084,0.000485084,0.000485084
15,20.1864,2.69229,3.73249,0.00615,0.89149,0.10497,0.10612,0.07538,2.76337,3.62392,0.00603,0.000516479,0.000516479,0.000516479
16,21.2191,2.69355,3.52628,0.00614,0.00901,0.22751,0.12971,0.09034,2.63884,3.44293,0.00535,0.000547367,0.000547367,0.000547367
17,22.2657,2.68148,3.26644,0.0055,0.01241,0.3164,0.16651,0.10115,2.58012,3.16449,0.00466,0.000577747,0.000577747,0.000577747
18,23.2738,2.65691,3.00023,0.00532,0.01668,0.43783,0.19921,0.10742,2.55685,3.00599,0.0046,0.000607619,0.000607619,0.000607619
19,24.3152,2.5963,2.98103,0.00547,0.86779,0.1154,0.25011,0.12412,2.54141,2.60656,0.00447,0.000636984,0.000636984,0.000636984
20,25.4747,2.64549,3.01416,0.00607,0.82904,0.14825,0.28088,0.12926,2.60398,2.37224,0.00505,0.000665842,0.000665842,0.000665842
21,26.4885,2.65926,2.7402,0.00526,0.58107,0.18333,0.3076,0.1335,2.62135,2.20842,0.00526,0.000667492,0.000667492,0.000667492
22,27.5529,2.53587,2.67387,0.00551,0.52132,0.22001,0.32996,0.1402,2.57532,2.06192,0.00502,0.000662417,0.000662417,0.000662417
23,28.5878,2.59481,2.56737,0.00525,0.39374,0.32651,0.32904,0.14496,2.56487,1.80827,0.00517,0.000657341,0.000657341,0.000657341
24,29.6041,2.47383,2.53693,0.00537,0.29578,0.38605,0.33966,0.15076,2.55349,1.7631,0.00482,0.000652266,0.000652266,0.000652266
25,30.7317,2.45408,2.43751,0.00515,0.33644,0.40341,0.35444,0.15396,2.52118,1.69879,0.00448,0.00064719,0.00064719,0.00064719
26,31.7578,2.50182,2.42818,0.00505,0.33487,0.42641,0.3689,0.1581,2.52749,1.66546,0.00459,0.000642115,0.000642115,0.000642115
27,32.7865,2.37794,2.46148,0.00503,0.36579,0.43883,0.36995,0.15483,2.55025,1.64869,0.00451,0.00063704,0.00063704,0.00063704
28,33.832,2.38723,2.37816,0.00523,0.34765,0.45404,0.39214,0.16592,2.49612,1.61164,0.00439,0.000631964,0.000631964,0.000631964
29,34.8756,2.5225,2.24399,0.00491,0.33463,0.50481,0.3975,0.16528,2.503,1.62068,0.00438,0.000626889,0.000626889,0.000626889
30,35.9079,2.37139,2.27486,0.00511,0.34911,0.52628,0.40063,0.16887,2.48931,1.6059,0.00436,0.000621813,0.000621813,0.000621813
31,37.0039,2.40438,2.1229,0.00478,0.35878,0.55809,0.38649,0.14844,2.65341,1.60779,0.00554,0.000616738,0.000616738,0.000616738
32,38.2573,2.35844,2.29593,0.0057,0.36726,0.56623,0.37979,0.15192,2.65722,1.60952,0.0054,0.000611663,0.000611663,0.000611663
33,39.4037,2.41685,2.27824,0.0047,0.39133,0.62037,0.43218,0.17449,2.56106,1.55117,0.00481,0.000606587,0.000606587,0.000606587
34,40.7127,2.36424,2.2101,0.00492,0.40262,0.63447,0.45233,0.18388,2.50431,1.49511,0.0045,0.000601512,0.000601512,0.000601512
35,41.9614,2.35085,2.11285,0.00457,0.40246,0.59085,0.4565,0.17558,2.54021,1.42888,0.00493,0.000596436,0.000596436,0.000596436
36,43.2185,2.36486,1.98257,0.00442,0.40607,0.54183,0.45616,0.16812,2.57603,1.44494,0.00481,0.000591361,0.000591361,0.000591361
37,44.4517,2.35863,2.10101,0.00485,0.39265,0.61757,0.44162,0.1711,2.54377,1.43236,0.0046,0.000586286,0.000586286,0.000586286
38,45.5563,2.26839,2.10647,0.0048,0.40327,0.61868,0.46069,0.18189,2.51595,1.3691,0.0048,0.00058121,0.00058121,0.00058121
39,46.7039,2.37883,1.95648,0.0046,0.42147,0.58736,0.47773,0.18298,2.53014,1.31662,0.00522,0.000576135,0.000576135,0.000576135
40,47.8026,2.28431,1.91927,0.00459,0.42918,0.60282,0.49898,0.19341,2.43445,1.2847,0.0046,0.000571059,0.000571059,0.000571059
41,48.9246,2.23131,1.96872,0.00448,0.4592,0.65716,0.52441,0.19896,2.37515,1.35974,0.00415,0.000565984,0.000565984,0.000565984
42,50.0478,2.34049,2.06223,0.00455,0.46473,0.6682,0.52817,0.19887,2.36515,1.35056,0.00416,0.000560909,0.000560909,0.000560909
43,51.1586,2.23384,1.90264,0.00417,0.46731,0.67881,0.55017,0.20749,2.37071,1.27834,0.00444,0.000555833,0.000555833,0.000555833
44,52.2795,2.3024,1.86097,0.00464,0.49133,0.67248,0.56131,0.20509,2.40348,1.27782,0.00471,0.000550758,0.000550758,0.000550758
45,53.5155,2.35443,1.87001,0.00474,0.50286,0.713,0.56131,0.20565,2.40867,1.29012,0.00465,0.000545682,0.000545682,0.000545682
46,54.5933,2.27841,1.95401,0.00472,0.44796,0.66827,0.506,0.1923,2.45158,1.31482,0.00449,0.000540607,0.000540607,0.000540607
47,55.741,2.2914,1.97243,0.00467,0.4932,0.68322,0.52203,0.194,2.39968,1.33441,0.00476,0.000535532,0.000535532,0.000535532
48,56.8342,2.23847,1.84118,0.00445,0.5249,0.7046,0.58335,0.21183,2.34436,1.273,0.00468,0.000530456,0.000530456,0.000530456
49,57.9479,2.29349,1.87624,0.00475,0.52174,0.71187,0.60385,0.21699,2.34991,1.24214,0.00462,0.000525381,0.000525381,0.000525381
50,59.0621,2.187,1.80658,0.00444,0.50115,0.73033,0.59125,0.21732,2.34937,1.23156,0.00457,0.000520305,0.000520305,0.000520305
51,60.3326,2.23393,1.88014,0.00411,0.54864,0.67458,0.62773,0.22724,2.36764,1.2157,0.00456,0.00051523,0.00051523,0.00051523
52,61.4263,2.29675,1.81738,0.00404,0.52722,0.68955,0.61644,0.22088,2.37758,1.20442,0.0044,0.000510155,0.000510155,0.000510155
53,62.5362,2.24652,1.76577,0.00418,0.52405,0.70732,0.61191,0.22244,2.36912,1.16445,0.00424,0.000505079,0.000505079,0.000505079
54,63.6627,2.24872,1.81994,0.0043,0.52919,0.73322,0.62049,0.22316,2.35793,1.17927,0.0043,0.000500004,0.000500004,0.000500004
55,64.8466,2.25491,1.77303,0.00453,0.51007,0.69883,0.61848,0.21694,2.37094,1.22234,0.00502,0.000494928,0.000494928,0.000494928
56,65.9975,2.28258,1.88289,0.0047,0.50114,0.71011,0.62802,0.22038,2.3788,1.2314,0.00475,0.000489853,0.000489853,0.000489853
57,67.1792,2.2203,1.76162,0.00447,0.49722,0.6978,0.62166,0.22243,2.34629,1.2297,0.00429,0.000484778,0.000484778,0.000484778
58,68.3135,2.20594,1.8006,0.00466,0.52226,0.65794,0.62611,0.22558,2.34702,1.22822,0.00404,0.000479702,0.000479702,0.000479702
59,69.4383,2.19365,1.70156,0.00409,0.57747,0.66636,0.66162,0.23723,2.31048,1.22455,0.00421,0.000474627,0.000474627,0.000474627
60,70.6002,2.22774,1.68925,0.00439,0.56865,0.66963,0.65838,0.237,2.27382,1.2316,0.00454,0.000469551,0.000469551,0.000469551
61,71.7311,2.20794,1.71742,0.00435,0.57997,0.66895,0.65068,0.2393,2.26223,1.2142,0.00445,0.000464476,0.000464476,0.000464476
62,72.9316,2.21127,1.65649,0.0041,0.58424,0.6792,0.65867,0.25058,2.20282,1.20193,0.00407,0.000459401,0.000459401,0.000459401
63,74.0501,2.16499,1.59298,0.00364,0.65974,0.68866,0.72559,0.26201,2.22622,1.14752,0.00393,0.000454325,0.000454325,0.000454325
64,75.1486,2.13761,1.70783,0.00403,0.65971,0.71522,0.74726,0.267,2.23507,1.13296,0.00408,0.00044925,0.00044925,0.00044925
65,76.253,2.1988,1.60621,0.00413,0.6482,0.73466,0.72611,0.25606,2.26422,1.13568,0.00432,0.000444174,0.000444174,0.000444174
66,77.3554,2.17868,1.64487,0.00411,0.65495,0.72018,0.70957,0.26072,2.28939,1.12586,0.00449,0.000439099,0.000439099,0.000439099
67,78.5091,2.25171,1.6539,0.00401,0.68649,0.72168,0.74911,0.26731,2.25972,1.09147,0.0041,0.000434024,0.000434024,0.000434024
68,79.7329,2.20147,1.60368,0.00421,0.62647,0.71891,0.71024,0.25999,2.31336,1.08801,0.00411,0.000428948,0.000428948,0.000428948
69,80.8067,2.2647,1.6348,0.00422,0.60429,0.6678,0.66483,0.25238,2.31104,1.12211,0.00412,0.000423873,0.000423873,0.000423873
70,81.913,2.22619,1.66772,0.00383,0.56859,0.72951,0.6707,0.25427,2.31293,1.09599,0.00428,0.000418797,0.000418797,0.000418797
71,83.1082,2.20038,1.63457,0.00398,0.63345,0.69474,0.69386,0.26305,2.24654,1.12331,0.00415,0.000413722,0.000413722,0.000413722
72,84.2658,2.15875,1.49346,0.00371,0.64303,0.71295,0.69951,0.26507,2.21378,1.12001,0.00399,0.000408647,0.000408647,0.000408647
73,85.3446,2.16279,1.55646,0.00398,0.65118,0.71491,0.69948,0.26843,2.21315,1.10872,0.0039,0.000403571,0.000403571,0.000403571
74,86.4918,2.18527,1.53378,0.00397,0.67149,0.7149,0.7096,0.26788,2.2258,1.08605,0.00402,0.000398496,0.000398496,0.000398496
75,87.718,2.11806,1.60427,0.00416,0.68744,0.72411,0.72543,0.27048,2.26005,1.07086,0.00431,0.00039342,0.00039342,0.00039342
76,88.8321,2.15253,1.533,0.00408,0.69261,0.73943,0.76232,0.2809,2.2128,1.06405,0.00396,0.000388345,0.000388345,0.000388345
77,89.9896,2.0396,1.56999,0.00415,0.67141,0.75685,0.76093,0.2811,2.20636,1.04503,0.00379,0.00038327,0.00038327,0.00038327
78,91.0819,2.13393,1.53855,0.00368,0.66908,0.75046,0.75179,0.28319,2.212,1.02523,0.00378,0.000378194,0.000378194,0.000378194
79,92.2133,2.14855,1.4752,0.00358,0.6926,0.75919,0.77069,0.28136,2.22697,1.01451,0.00398,0.000373119,0.000373119,0.000373119
80,93.4651,2.05854,1.52525,0.00405,0.68725,0.73375,0.76544,0.28188,2.22319,1.03444,0.00396,0.000368043,0.000368043,0.000368043
81,94.592,2.17275,1.57362,0.00418,0.69883,0.74127,0.77523,0.28338,2.22149,1.01036,0.00386,0.000362968,0.000362968,0.000362968
82,95.7204,2.14331,1.42936,0.00358,0.70794,0.76648,0.77898,0.28606,2.223,0.99038,0.00379,0.000357893,0.000357893,0.000357893
83,96.8526,2.05987,1.44847,0.00357,0.6729,0.75659,0.77615,0.29439,2.23279,0.99155,0.00392,0.000352817,0.000352817,0.000352817
84,97.9588,2.10809,1.41164,0.00389,0.67911,0.76643,0.7743,0.29581,2.23003,1.00476,0.00392,0.000347742,0.000347742,0.000347742
85,99.1454,2.1171,1.46994,0.0041,0.74341,0.73456,0.77367,0.29212,2.23372,0.98652,0.00387,0.000342666,0.000342666,0.000342666
86,100.283,2.0755,1.5105,0.00418,0.77755,0.75995,0.78401,0.29608,2.22222,0.98499,0.00386,0.000337591,0.000337591,0.000337591
87,101.456,2.06322,1.47103,0.00401,0.78429,0.73147,0.77993,0.30069,2.18879,0.96632,0.00387,0.000332516,0.000332516,0.000332516
88,102.751,2.06812,1.6349,0.00403,0.77715,0.7298,0.7613,0.29339,2.17514,0.99482,0.00397,0.00032744,0.00032744,0.00032744
89,103.844,2.14329,1.42596,0.00383,0.79728,0.74464,0.79396,0.30055,2.19143,0.9851,0.00407,0.000322365,0.000322365,0.000322365
90,104.868,2.05626,1.41614,0.00385,0.7989,0.7479,0.81387,0.29936,2.1903,0.98887,0.00406,0.000317289,0.000317289,0.000317289
91,105.921,2.13385,1.40639,0.00362,0.76419,0.76458,0.78559,0.29624,2.18919,0.98023,0.00387,0.000312214,0.000312214,0.000312214
92,106.983,2.0943,1.39285,0.00392,0.73021,0.74253,0.77682,0.29692,2.20097,0.97663,0.00383,0.000307139,0.000307139,0.000307139
93,108.018,2.1487,1.42105,0.00366,0.73829,0.75582,0.78205,0.29344,2.22947,0.94991,0.00386,0.000302063,0.000302063,0.000302063
94,109.045,2.10755,1.36124,0.00382,0.73933,0.78439,0.79261,0.29876,2.22515,0.94515,0.00386,0.000296988,0.000296988,0.000296988
95,110.191,2.15652,1.40142,0.00374,0.76983,0.76301,0.78521,0.29536,2.2246,0.9505,0.00388,0.000291912,0.000291912,0.000291912
96,111.214,2.08828,1.37994,0.00381,0.77509,0.77514,0.80113,0.29449,2.22666,0.95796,0.00398,0.000286837,0.000286837,0.000286837
97,112.248,2.00018,1.47507,0.00423,0.77086,0.76081,0.79046,0.29595,2.2382,0.95661,0.00401,0.000281762,0.000281762,0.000281762
98,113.275,2.14688,1.43669,0.00382,0.73609,0.77668,0.78315,0.30198,2.21514,0.95575,0.00394,0.000276686,0.000276686,0.000276686
99,114.336,2.05505,1.44074,0.00397,0.7595,0.81096,0.82939,0.31276,2.1787,0.94689,0.00397,0.000271611,0.000271611,0.000271611
100,115.4,2.0734,1.29755,0.00368,0.76842,0.77699,0.83173,0.31831,2.17802,0.92959,0.00391,0.000266535,0.000266535,0.000266535
101,116.541,2.14835,1.37388,0.00394,0.78085,0.76354,0.82486,0.32129,2.14381,0.93201,0.00378,0.00026146,0.00026146,0.00026146
102,117.574,2.0823,1.33086,0.00354,0.77642,0.7508,0.82464,0.32636,2.14064,0.9365,0.00371,0.000256385,0.000256385,0.000256385
103,118.606,2.06259,1.43973,0.004,0.75415,0.77458,0.81733,0.3212,2.14479,0.95226,0.00382,0.000251309,0.000251309,0.000251309
104,119.633,2.06376,1.33542,0.00366,0.76049,0.76613,0.80785,0.31394,2.14735,0.98284,0.00391,0.000246234,0.000246234,0.000246234
105,120.672,2.02908,1.41628,0.00408,0.74906,0.74392,0.78781,0.3038,2.19915,0.96093,0.00408,0.000241158,0.000241158,0.000241158
106,121.799,2.07413,1.31691,0.00382,0.72701,0.74202,0.76973,0.29379,2.21802,0.96771,0.00418,0.000236083,0.000236083,0.000236083
107,122.849,2.06555,1.34121,0.00413,0.73603,0.75896,0.7797,0.3005,2.22469,0.94787,0.00424,0.000231008,0.000231008,0.000231008
108,123.882,2.04526,1.37546,0.00405,0.74039,0.77087,0.78922,0.3088,2.21428,0.93397,0.00416,0.000225932,0.000225932,0.000225932
109,124.932,2.00683,1.39764,0.00389,0.72477,0.78066,0.78749,0.30958,2.19851,0.94944,0.00405,0.000220857,0.000220857,0.000220857
110,125.959,2.07903,1.35106,0.00361,0.73844,0.77169,0.79004,0.30893,2.19011,0.94458,0.004,0.000215781,0.000215781,0.000215781
111,127.011,2.04718,1.31431,0.00361,0.7527,0.73844,0.79333,0.31755,2.15581,0.93725,0.00388,0.000210706,0.000210706,0.000210706
112,128.158,2.09325,1.30762,0.00373,0.73802,0.75158,0.77596,0.31485,2.15092,0.94242,0.00383,0.000205631,0.000205631,0.000205631
113,129.305,1.99222,1.34891,0.00355,0.73032,0.75835,0.77569,0.31391,2.16353,0.93898,0.00389,0.000200555,0.000200555,0.000200555
114,130.395,1.98589,1.33524,0.00368,0.76211,0.75973,0.7882,0.31392,2.17241,0.94314,0.00395,0.00019548,0.00019548,0.00019548
115,131.502,2.1118,1.31064,0.00366,0.79123,0.75449,0.81892,0.31526,2.18447,0.94196,0.00395,0.000190404,0.000190404,0.000190404
116,132.581,2.08452,1.35587,0.00374,0.81575,0.76302,0.84053,0.31463,2.19059,0.93893,0.00393,0.000185329,0.000185329,0.000185329
117,133.672,2.08362,1.30944,0.0037,0.79584,0.77222,0.82587,0.31438,2.20224,0.91763,0.00394,0.000180254,0.000180254,0.000180254
118,134.855,2.0224,1.38238,0.00399,0.76257,0.7651,0.79315,0.30875,2.1897,0.94412,0.00393,0.000175178,0.000175178,0.000175178
119,135.957,2.02664,1.29907,0.00377,0.75727,0.77409,0.80555,0.3093,2.16843,0.96181,0.00394,0.000170103,0.000170103,0.000170103
120,137.064,1.98569,1.36018,0.00403,0.75093,0.76102,0.79242,0.30658,2.16926,0.962,0.00393,0.000165027,0.000165027,0.000165027
121,138.143,2.04127,1.33013,0.00378,0.75245,0.74833,0.7797,0.30283,2.17946,0.95927,0.00388,0.000159952,0.000159952,0.000159952
122,139.207,2.10951,1.30103,0.00345,0.76969,0.74534,0.7955,0.30578,2.1854,0.95333,0.00385,0.000154877,0.000154877,0.000154877
123,140.301,2.01504,1.32646,0.00375,0.79331,0.75881,0.80408,0.30796,2.17235,0.93374,0.00376,0.000149801,0.000149801,0.000149801
124,141.375,2.00058,1.31742,0.00368,0.78476,0.75295,0.79453,0.30696,2.16931,0.92832,0.00372,0.000144726,0.000144726,0.000144726
125,142.475,2.01847,1.27766,0.00369,0.79506,0.76091,0.81663,0.31463,2.1735,0.92716,0.00372,0.00013965,0.00013965,0.00013965
126,143.653,2.01805,1.34646,0.00387,0.7725,0.75268,0.80107,0.31241,2.17349,0.9134,0.00372,0.000134575,0.000134575,0.000134575
127,144.768,1.9727,1.33773,0.00378,0.78409,0.75039,0.79899,0.31379,2.18713,0.92367,0.00389,0.0001295,0.0001295,0.0001295
128,145.871,2.01418,1.31488,0.00374,0.79271,0.75185,0.80115,0.3185,2.20026,0.91339,0.00402,0.000124424,0.000124424,0.000124424
129,146.945,2.06755,1.31981,0.00365,0.8012,0.76144,0.81023,0.31997,2.22188,0.89874,0.0041,0.000119349,0.000119349,0.000119349
130,148.046,2.03421,1.32685,0.00374,0.79533,0.7701,0.81153,0.32284,2.19487,0.91604,0.00407,0.000114273,0.000114273,0.000114273
131,149.151,1.96856,1.31146,0.00354,0.80626,0.77678,0.82666,0.32532,2.16788,0.91827,0.00396,0.000109198,0.000109198,0.000109198
132,150.38,1.99397,1.2893,0.00361,0.80062,0.77915,0.83142,0.32521,2.16084,0.92006,0.00385,0.000104123,0.000104123,0.000104123
133,151.494,2.04241,1.25937,0.00352,0.80252,0.77509,0.82951,0.32809,2.15866,0.91113,0.00379,9.90472e-05,9.90472e-05,9.90472e-05
134,152.591,2.04325,1.28169,0.00354,0.80026,0.77058,0.82966,0.32722,2.15417,0.91243,0.00374,9.39718e-05,9.39718e-05,9.39718e-05
135,153.709,2.0908,1.29311,0.00362,0.7719,0.76705,0.80299,0.32081,2.15046,0.9166,0.0037,8.88964e-05,8.88964e-05,8.88964e-05
136,154.816,2.11014,1.21176,0.00322,0.76421,0.77225,0.79598,0.31856,2.15182,0.91547,0.00372,8.3821e-05,8.3821e-05,8.3821e-05
137,156.107,2.02317,1.23895,0.00356,0.77054,0.77643,0.80226,0.3126,2.15851,0.90749,0.00374,7.87456e-05,7.87456e-05,7.87456e-05
138,157.183,2.05231,1.27877,0.00368,0.7658,0.77026,0.79513,0.31264,2.15791,0.91962,0.00375,7.36702e-05,7.36702e-05,7.36702e-05
139,158.289,1.94952,1.32282,0.00381,0.75105,0.76989,0.79563,0.31213,2.16825,0.93213,0.00383,6.85948e-05,6.85948e-05,6.85948e-05
140,159.357,1.95584,1.22065,0.00342,0.75806,0.76431,0.79471,0.31228,2.17169,0.92916,0.00388,6.35194e-05,6.35194e-05,6.35194e-05
141,164.349,2.08305,1.65855,0.00403,0.75471,0.77251,0.79942,0.31212,2.16217,0.94761,0.00389,5.8444e-05,5.8444e-05,5.8444e-05
142,165.415,2.08202,1.67688,0.00394,0.75254,0.76309,0.79092,0.31084,2.17671,0.95124,0.00392,5.33686e-05,5.33686e-05,5.33686e-05
143,166.473,2.12909,1.65705,0.00371,0.77519,0.75727,0.7921,0.30892,2.18838,0.94906,0.00399,4.82932e-05,4.82932e-05,4.82932e-05
144,167.595,2.06524,1.65206,0.00396,0.77779,0.76289,0.79209,0.31042,2.19256,0.95924,0.00399,4.32178e-05,4.32178e-05,4.32178e-05
145,168.649,2.00389,1.60611,0.00412,0.79277,0.7669,0.80714,0.31016,2.20154,0.96266,0.00401,3.81424e-05,3.81424e-05,3.81424e-05
146,169.725,2.02365,1.58187,0.00364,0.79981,0.75353,0.80221,0.30687,2.21121,0.96714,0.00402,3.3067e-05,3.3067e-05,3.3067e-05
147,170.786,2.08848,1.56492,0.00397,0.80034,0.7515,0.80141,0.30551,2.20563,0.97783,0.004,2.79916e-05,2.79916e-05,2.79916e-05
148,171.859,2.0125,1.54665,0.00392,0.79125,0.7533,0.79624,0.30511,2.19951,0.97709,0.00398,2.29162e-05,2.29162e-05,2.29162e-05
149,172.939,2.03714,1.50096,0.00362,0.78812,0.75011,0.79451,0.30356,2.20848,0.96856,0.00398,1.78408e-05,1.78408e-05,1.78408e-05
150,173.983,2.06387,1.50812,0.00373,0.78275,0.75134,0.79338,0.30408,2.20119,0.9805,0.00395,1.27654e-05,1.27654e-05,1.27654e-05
